{"name":"Validar precios en reserva solo ida","id":"validacion-de-reservas-en-la-pagina-web-de-avianca;validar-precios-en-reserva-solo-ida","testSteps":[{"number":1,"description":"Given el esta en la pagina de inicio","duration":8286,"startTime":"2021-05-20T13:22:42.988073900-05:00[America/Bogota]","screenshots":[{"screenshot":"333cc1338cf33e4174edc911859479b8e5cfbf95ebfb17f944ccd3c054c6e655.png","timeStamp":1621534971274}],"result":"SUCCESS","precondition":false,"level":0,"children":[{"number":2,"description":"Juan opens the https://www.avianca.com/co/es/","duration":7823,"startTime":"2021-05-20T13:22:43.433908800-05:00[America/Bogota]","screenshots":[{"screenshot":"333cc1338cf33e4174edc911859479b8e5cfbf95ebfb17f944ccd3c054c6e655.png","timeStamp":1621534971257}],"result":"SUCCESS","precondition":false,"level":1}]},{"number":3,"description":"When el registra los datos de la reserva\r\n| desde | hacia | adultos | ninios | bebes |\r\n| Medellin | Bogota | 2 | 1 | 1 |","duration":10772,"startTime":"2021-05-20T13:22:51.277526100-05:00[America/Bogota]","screenshots":[{"screenshot":"77d02387ebfe78c4a3af3bb05ada1d61509be824892556aebb6933dbac8d8d05.png","timeStamp":1621534982049}],"result":"SUCCESS","precondition":false,"level":0,"children":[{"number":4,"description":"Juan registra los datos para realizar reserva","duration":10732,"startTime":"2021-05-20T13:22:51.310956600-05:00[America/Bogota]","screenshots":[{"screenshot":"77d02387ebfe78c4a3af3bb05ada1d61509be824892556aebb6933dbac8d8d05.png","timeStamp":1621534982043}],"result":"SUCCESS","precondition":false,"level":1,"children":[{"number":5,"description":"Juan clicks on Menu solo ida","duration":1774,"startTime":"2021-05-20T13:22:52.029124600-05:00[America/Bogota]","screenshots":[{"screenshot":"317a7bcb3d36c256c9f0b45e8dd37778503a15627eff4de00a0eda5b34898c7d.png","timeStamp":1621534972552},{"screenshot":"06827389a65ee93921e383fe4033b83b050d93df5bf1ddaaacb4cef0beae470f.png","timeStamp":1621534973801}],"result":"SUCCESS","precondition":false,"level":2},{"number":6,"description":"Juan enters \u0027Medellin\u0027 into Campo de texto: Desde","duration":1586,"startTime":"2021-05-20T13:22:53.811250-05:00[America/Bogota]","screenshots":[{"screenshot":"06827389a65ee93921e383fe4033b83b050d93df5bf1ddaaacb4cef0beae470f.png","timeStamp":1621534973836},{"screenshot":"8fff1e79608e6a88df80ef1045b182ede167a84b529a5ac346b72e3c4eede74d.png","timeStamp":1621534975398}],"result":"SUCCESS","precondition":false,"level":2},{"number":7,"description":"Juan clicks on Selecciona desde el listado - Desde","duration":593,"startTime":"2021-05-20T13:22:55.400102500-05:00[America/Bogota]","screenshots":[{"screenshot":"8fff1e79608e6a88df80ef1045b182ede167a84b529a5ac346b72e3c4eede74d.png","timeStamp":1621534975411},{"screenshot":"982631c7e5705eda73cb6ba174be778c2b7ab5b511dad5476d5a6e1cb4ab7872.png","timeStamp":1621534975993}],"result":"SUCCESS","precondition":false,"level":2},{"number":8,"description":"Juan enters \u0027Bogota\u0027 into Campo de texto: Hacia","duration":793,"startTime":"2021-05-20T13:22:55.995719900-05:00[America/Bogota]","screenshots":[{"screenshot":"982631c7e5705eda73cb6ba174be778c2b7ab5b511dad5476d5a6e1cb4ab7872.png","timeStamp":1621534976005},{"screenshot":"2e23eb0289aa603d34c2ac806a552c4005148a8f8dc9c8375fd3cee9d327aed8.png","timeStamp":1621534976789}],"result":"SUCCESS","precondition":false,"level":2},{"number":9,"description":"Juan clicks on Selecciona desde el listado - Hacia","duration":733,"startTime":"2021-05-20T13:22:56.791603700-05:00[America/Bogota]","screenshots":[{"screenshot":"2e23eb0289aa603d34c2ac806a552c4005148a8f8dc9c8375fd3cee9d327aed8.png","timeStamp":1621534976799},{"screenshot":"2fcacc932c34ed69a954625c32377072bb8713a0f1d2ba2e360182c62be459eb.png","timeStamp":1621534977524}],"result":"SUCCESS","precondition":false,"level":2},{"number":10,"description":"Juan clicks on Campo de seleccion de fecha - ida","duration":1030,"startTime":"2021-05-20T13:22:57.526914500-05:00[America/Bogota]","screenshots":[{"screenshot":"2fcacc932c34ed69a954625c32377072bb8713a0f1d2ba2e360182c62be459eb.png","timeStamp":1621534977535},{"screenshot":"80c8410f07c4306105e2c75c9411f58a020922c1b86a9c745dc39f34252a4dda.png","timeStamp":1621534978557}],"result":"SUCCESS","precondition":false,"level":2},{"number":11,"description":"Juan clicks on Seleccion de fecha - ida","duration":582,"startTime":"2021-05-20T13:22:58.559543400-05:00[America/Bogota]","screenshots":[{"screenshot":"80c8410f07c4306105e2c75c9411f58a020922c1b86a9c745dc39f34252a4dda.png","timeStamp":1621534978566},{"screenshot":"f10ab56a09627fefc49af410d53eee5c4cf5584beb883e075d99658482715f57.png","timeStamp":1621534979142}],"result":"SUCCESS","precondition":false,"level":2},{"number":12,"description":"Juan clicks on Campo agregar pasajeros","duration":456,"startTime":"2021-05-20T13:22:59.143527200-05:00[America/Bogota]","screenshots":[{"screenshot":"f10ab56a09627fefc49af410d53eee5c4cf5584beb883e075d99658482715f57.png","timeStamp":1621534979149},{"screenshot":"f287d5dc1a073cebde29689e78906e6078ba8ddcd061cf1bd752f191dc714983.png","timeStamp":1621534979599}],"result":"SUCCESS","precondition":false,"level":2},{"number":13,"description":"Juan agrega pasajeros a la reserva","duration":452,"startTime":"2021-05-20T13:22:59.601902-05:00[America/Bogota]","screenshots":[{"screenshot":"f287d5dc1a073cebde29689e78906e6078ba8ddcd061cf1bd752f191dc714983.png","timeStamp":1621534979607},{"screenshot":"8a79ec4bec1372166fd43a4bb00c4f49263c1bc34d341358263e086b6b7ee1f4.png","timeStamp":1621534980054}],"result":"SUCCESS","precondition":false,"level":2,"children":[{"number":14,"description":"Juan clicks on Boton agregar adulto","duration":427,"startTime":"2021-05-20T13:22:59.614865-05:00[America/Bogota]","screenshots":[{"screenshot":"f287d5dc1a073cebde29689e78906e6078ba8ddcd061cf1bd752f191dc714983.png","timeStamp":1621534979620},{"screenshot":"8a79ec4bec1372166fd43a4bb00c4f49263c1bc34d341358263e086b6b7ee1f4.png","timeStamp":1621534980042}],"result":"SUCCESS","precondition":false,"level":3}]},{"number":15,"description":"Juan agrega pasajeros a la reserva","duration":459,"startTime":"2021-05-20T13:23:00.056572600-05:00[America/Bogota]","screenshots":[{"screenshot":"8a79ec4bec1372166fd43a4bb00c4f49263c1bc34d341358263e086b6b7ee1f4.png","timeStamp":1621534980063},{"screenshot":"80e09b3d1b762d6d658979ba59ee5fd130fb6dfc8cf02ac4bb5fedbf901f28c5.png","timeStamp":1621534980516}],"result":"SUCCESS","precondition":false,"level":2,"children":[{"number":16,"description":"Juan clicks on Boton agregar niÃ±o","duration":434,"startTime":"2021-05-20T13:23:00.071531200-05:00[America/Bogota]","screenshots":[{"screenshot":"8a79ec4bec1372166fd43a4bb00c4f49263c1bc34d341358263e086b6b7ee1f4.png","timeStamp":1621534980080},{"screenshot":"80e09b3d1b762d6d658979ba59ee5fd130fb6dfc8cf02ac4bb5fedbf901f28c5.png","timeStamp":1621534980506}],"result":"SUCCESS","precondition":false,"level":3}]},{"number":17,"description":"Juan agrega pasajeros a la reserva","duration":440,"startTime":"2021-05-20T13:23:00.517128800-05:00[America/Bogota]","screenshots":[{"screenshot":"80e09b3d1b762d6d658979ba59ee5fd130fb6dfc8cf02ac4bb5fedbf901f28c5.png","timeStamp":1621534980524},{"screenshot":"ce01aae89386b10f1c282848c481a1545a355e846c8320b94e7c32b96cdd3c41.png","timeStamp":1621534980957}],"result":"SUCCESS","precondition":false,"level":2,"children":[{"number":18,"description":"Juan clicks on Boton agregar bebe","duration":419,"startTime":"2021-05-20T13:23:00.530920500-05:00[America/Bogota]","screenshots":[{"screenshot":"80e09b3d1b762d6d658979ba59ee5fd130fb6dfc8cf02ac4bb5fedbf901f28c5.png","timeStamp":1621534980539},{"screenshot":"ce01aae89386b10f1c282848c481a1545a355e846c8320b94e7c32b96cdd3c41.png","timeStamp":1621534980949}],"result":"SUCCESS","precondition":false,"level":3}]},{"number":19,"description":"Juan clicks on Boton continuar reserva","duration":460,"startTime":"2021-05-20T13:23:00.959958900-05:00[America/Bogota]","screenshots":[{"screenshot":"ce01aae89386b10f1c282848c481a1545a355e846c8320b94e7c32b96cdd3c41.png","timeStamp":1621534980966},{"screenshot":"ebbd8d6028af2730c48e338a6c2b136b60765c98f42b2598392f9df964b3ac52.png","timeStamp":1621534981420}],"result":"SUCCESS","precondition":false,"level":2},{"number":20,"description":"Juan clicks on Boton buscar vuelos","duration":614,"startTime":"2021-05-20T13:23:01.422690200-05:00[America/Bogota]","screenshots":[{"screenshot":"ebbd8d6028af2730c48e338a6c2b136b60765c98f42b2598392f9df964b3ac52.png","timeStamp":1621534981430},{"screenshot":"77d02387ebfe78c4a3af3bb05ada1d61509be824892556aebb6933dbac8d8d05.png","timeStamp":1621534982036}],"result":"SUCCESS","precondition":false,"level":2}]}]},{"number":21,"description":"Then el deberia poder ver los precios en el panel superior","duration":7323,"startTime":"2021-05-20T13:23:02.050781-05:00[America/Bogota]","screenshots":[{"screenshot":"bed9f2ce3a6416d4dbce2ed9ce65512ab34116790ec5f606ceb87f85b30d9685.png","timeStamp":1621534989373}],"result":"SUCCESS","precondition":false,"level":0,"children":[{"number":22,"description":"Then informacion vuelo should be (true)","duration":162,"startTime":"2021-05-20T13:23:09.206372-05:00[America/Bogota]","screenshots":[{"screenshot":"bed9f2ce3a6416d4dbce2ed9ce65512ab34116790ec5f606ceb87f85b30d9685.png","timeStamp":1621534989325},{"screenshot":"bed9f2ce3a6416d4dbce2ed9ce65512ab34116790ec5f606ceb87f85b30d9685.png","timeStamp":1621534989368}],"result":"SUCCESS","precondition":false,"level":1}]}],"userStory":{"id":"validacion-de-reservas-en-la-pagina-web-de-avianca","storyName":"Validacion de reservas en la pagina web de Avianca","path":"src/test/resources/features/reserva.feature","narrative":"  Como visitante\n  Yo quiero ingresar a la pagina web de Avianca\n  Para realizar reservas de mis viajes","type":"feature"},"featureTag":{"name":"Features/Validacion de reservas en la pagina web de Avianca","type":"feature","displayName":"Features/Validacion de reservas en la pagina web de Avianca"},"title":"Validar precios en reserva solo ida","tags":[{"name":"reservaSoloIda","type":"tag","displayName":"reservaSoloIda"},{"name":"Validacion de reservas en la pagina web de Avianca","type":"feature","displayName":"Validacion de reservas en la pagina web de Avianca"}],"startTime":"2021-05-20T13:22:42.863406800-05:00[America/Bogota]","duration":26511,"projectKey":"","sessionId":"6d731b72296ffbc0d58a5762a257f47b","driver":"chrome:juan","isManualTestingUpToDate":false,"manual":false,"testSource":"Cucumber","actors":[{"name":"Juan","can":["browse the web"]}],"result":"SUCCESS"}